Email Text,Label
"Dear Support,

Critical alert on database crash - major outage reported. Requesting urgent resolution.

Cheers, Taylor",urgent
"Dear Support,

Critical alert on database crash - major outage reported. Requesting urgent resolution.

Cheers, Jordan",urgent
"Hello Support, 

The database crash has completely taken down our service. Can you escalate this issue immediately?

Regards, Emily",urgent
"Hi, 

I would like to inquire about subscription renewal. Could you please share the detailed information?

Thanks, Pat",non-urgent
"Hi there, 

I tried the automated system but it's not solving my problem related to billing discrepancy. Please connect me to a live agent.

Thnx, Emily",needs human
"Hello Support,

Having trouble with password reset. The chatbot couldn't assist. Need a real person to help.

Need urgent hlp, Taylor",needs human
"Hello Support, 

The payment gateway failure has completely taken down our service. Can you escalate this issue immediately?

Thnx, Pat",urgent
"Hello Support,

Having trouble with account verification. The chatbot couldn't assist. Need a real person to help.

Regards, John",needs human
"Hello, 

I'm considering upgrading to premium plan. When would be a good time to discuss further?

urgent pls, Chris",non-urgent
"Hello Support,

Having trouble with billing discrepancy. The chatbot couldn't assist. Need a real person to help.

thanx, Taylor",needs human
"Hello, 

I'm considering upgrading to premium plan. When would be a good time to discuss further?

Regards, John",non-urgent
"Hello Support, 

The database crash has completely taken down our service. Can you escalate this issue immediately?

Regards, Jordan",urgent
"Hi Team, 

We are experiencing database crash right now and it's impacting all customers. Need urgent attention! Please prioritize this.

urgent pls, Jordan",urgent
"Dear Team,

Need clarification on feature request. No immediate rush, but would appreciate a response soon.

Need asap, Pat",non-urgent
"Dear Support,

Critical alert on database crash - major outage reported. Requesting urgent resolution.

Cheers, Chris",urgent
"Hi, 

I would like to inquire about subscription renewal. Could you please share the detailed information?

Thanks, Pat",non-urgent
"Hello Support, 

The server outage has completely taken down our service. Can you escalate this issue immediately?

Regards, Alex",urgent
"Hi there, 

I tried the automated system but it's not solving my problem related to account verification. Please connect me to a live agent.

Thanks, John",needs human
"Dear Customer Service,

I'm stuck trying to resolve account verification via the FAQ. Please escalate this to human support.

Thanks a lot, Emily",needs human
"Dear Team,

Need clarification on upgrading to premium plan. No immediate rush, but would appreciate a response soon.

Thanks, Emily",non-urgent
"Hello Support, 

The payment gateway failure has completely taken down our service. Can you escalate this issue immediately?

Regards, John",urgent
"Hello, 

I'm considering feature request. When would be a good time to discuss further?

Regards, Taylor",non-urgent
"Dear Customer Service,

I'm stuck trying to resolve password reset via the FAQ. Please escalate this to human support.

urgent pls a lot, Pat",needs human
"Hello, 

I'm considering upgrading to premium plan. When would be a good time to discuss further?

Kindly, Chris",non-urgent
"Hello Support,

Having trouble with billing discrepancy. The chatbot couldn't assist. Need a real person to help.

Regards, Pat",needs human
"Hi Team, 

We are experiencing database crash right now and it's impacting all customers. Need urgent attention! Please prioritize this.

Thanks, Taylor",urgent
"Hi Team, 

We are experiencing payment gateway failure right now and it's impacting all customers. Need urgent attention! Please prioritize this.

Appreciate it, Chris",urgent
"Hello Support, 

The server outage has completely taken down our service. Can you escalate this issue immediately?

Regards, Emily",urgent
"Hello Support,

Having trouble with billing discrepancy. The chatbot couldn't assist. Need a real person to help.

Regards, Emily",needs human
"Hello Support, 

The database crash has completely taken down our service. Can you escalate this issue immediately?

urgent pls, Alex",urgent
"Hello, 

I'm considering upgrading to premium plan. When would be a good time to discuss further?

Regards, Emily",non-urgent
"Dear Support,

Critical alert on payment gateway failure - major outage reported. Requesting urgent resolution.

Cheers, Jordan",urgent
"Hi there, 

I tried the automated system but it's not solving my problem related to account verification. Please connect me to a live agent.

ASAP, John",needs human
"Hello, 

I'm considering upgrading to premium plan. When would be a good time to discuss further?

Regards, Jordan",non-urgent
"Hi Team, 

We are experiencing payment gateway failure right now and it's impacting all customers. Need urgent attention! Please prioritize this.

Thanks, Emily",urgent
"Hello Support,

Having trouble with billing discrepancy. The chatbot couldn't assist. Need a real person to help.

Regards, Chris",needs human
"Hi Team, 

We are experiencing database crash right now and it's impacting all customers. Need urgent attention! Please prioritize this.

Pls, Taylor",urgent
"Dear Customer Service,

I'm stuck trying to resolve password reset via the FAQ. Please escalate this to human support.

Thanks a lot, Chris",needs human
"Dear Support,

Critical alert on server outage - major outage reported. Requesting urgent resolution.

Cheers, Chris",urgent
"Hello Support, 

The database crash has completely taken down our service. Can you escalate this issue immediately?

Regards, Taylor",urgent
"Dear Customer Service,

I'm stuck trying to resolve billing discrepancy via the FAQ. Please escalate this to human support.

Thanks a lot, Alex",needs human
"Dear Support,

Critical alert on server outage - major outage reported. Requesting urgent resolution.

Cheers, Taylor",urgent
"Hi, 

I would like to inquire about subscription renewal. Could you please share the detailed information?

Thanks, Chris",non-urgent
"Hi Team, 

We are experiencing payment gateway failure right now and it's impacting all customers. Need urgent attention! Please prioritize this.

Thanks, Pat",urgent
"Dear Team,

Need clarification on feature request. No immediate rush, but would appreciate a response soon.

Thanks, Emily",non-urgent
"Dear Team,

Need clarification on feature request. No immediate rush, but would appreciate a response soon.

Thanks, Chris",non-urgent
"Hello Support,

Having trouble with password reset. The chatbot couldn't assist. Need a real person to help.

Regards, Taylor",needs human
"Dear Support,

Critical alert on payment gateway failure - major outage reported. Requesting urgent resolution.

Cheers, Jordan",urgent
"Hi there, 

I tried the automated system but it's not solving my problem related to account verification. Please connect me to a live agent.

Thnx, John",needs human
"Hello, 

I'm considering upgrading to premium plan. When would be a good time to discuss further?

Regards, John",non-urgent
"Dear Team,

Need clarification on subscription renewal. No immediate rush, but would appreciate a response soon.

Thanks, Jordan",non-urgent
"Dear Customer Service,

I'm stuck trying to resolve password reset via the FAQ. Please escalate this to human support.

Thanks a lot, Jordan",needs human
"Dear Team,

Need clarification on subscription renewal. No immediate rush, but would appreciate a response soon.

Thanks, Pat",non-urgent
"Hello Support, 

The payment gateway failure has completely taken down our service. Can you escalate this issue immediately?

Regards, Jordan",urgent
"Hello, 

I'm considering subscription renewal. When would be a good time to discuss further?

Regards, Alex",non-urgent
"Hi Team, 

We are experiencing payment gateway failure right now and it's impacting all customers. Need urgent attention! Please prioritize this.

Need urgent hlp, Pat",urgent
"Dear Team,

Need clarification on upgrading to premium plan. No immediate rush, but would appreciate a response soon.

Thanks, Alex",non-urgent
"Hi Team, 

We are experiencing server outage right now and it's impacting all customers. Need urgent attention! Please prioritize this.

Thanks, Chris",urgent
"Dear Customer Service,

I'm stuck trying to resolve password reset via the FAQ. Please escalate this to human support.

Thanks a lot, Emily",needs human
"Hi, 

I would like to inquire about feature request. Could you please share the detailed information?

Thanks, John",non-urgent
"Hello Support, 

The server outage has completely taken down our service. Can you escalate this issue immediately?

Regards, Chris",urgent
"Hi, 

I would like to inquire about subscription renewal. Could you please share the detailed information?

Thanks, Jordan",non-urgent
"Dear Support,

Critical alert on server outage - major outage reported. Requesting urgent resolution.

Cheers, Taylor",urgent
"Hello, 

I'm considering subscription renewal. When would be a good time to discuss further?

Regards, Emily",non-urgent
"Hi, 

I would like to inquire about feature request. Could you please share the detailed information?

Thanks, Alex",non-urgent
"Hello, 

I'm considering upgrading to premium plan. When would be a good time to discuss further?

Regards, Taylor",non-urgent
"Dear Team,

Need clarification on upgrading to premium plan. No immediate rush, but would appreciate a response soon.

Thanks, Jordan",non-urgent
"Hello Support, 

The payment gateway failure has completely taken down our service. Can you escalate this issue immediately?

Appreciate it, Alex",urgent
"Hi there, 

I tried the automated system but it's not solving my problem related to account verification. Please connect me to a live agent.

thanx, Jordan",needs human
"Hi Team, 

We are experiencing server outage right now and it's impacting all customers. Need urgent attention! Please prioritize this.

Thanks, Emily",urgent
"Hello, 

I'm considering upgrading to premium plan. When would be a good time to discuss further?

Regards, Jordan",non-urgent
"Hi Team, 

We are experiencing database crash right now and it's impacting all customers. Need urgent attention! Please prioritize this.

Thanks, Jordan",urgent
"Dear Team,

Need clarification on upgrading to premium plan. No immediate rush, but would appreciate a response soon.

Thanks, Emily",non-urgent
"Dear Team,

Need clarification on feature request. No immediate rush, but would appreciate a response soon.

Thanks, Pat",non-urgent
"Hello Support,

Having trouble with password reset. The chatbot couldn't assist. Need a real person to help.

Regards, Pat",needs human
"Hello Support, 

The server outage has completely taken down our service. Can you escalate this issue immediately?

Regards, Pat",urgent
"Hi, 

I would like to inquire about subscription renewal. Could you please share the detailed information?

Thnx, Pat",non-urgent
"Hello Support,

Having trouble with billing discrepancy. The chatbot couldn't assist. Need a real person to help.

ASAP, Pat",needs human
"Dear Customer Service,

I'm stuck trying to resolve billing discrepancy via the FAQ. Please escalate this to human support.

Need asap a lot, Jordan",needs human
"Hi there, 

I tried the automated system but it's not solving my problem related to password reset. Please connect me to a live agent.

Thanks, Jordan",needs human
"Hi Team, 

We are experiencing server outage right now and it's impacting all customers. Need urgent attention! Please prioritize this.

Need asap, Emily",urgent
"Hello Support,

Having trouble with billing discrepancy. The chatbot couldn't assist. Need a real person to help.

Regards, Alex",needs human
"Hello, 

I'm considering upgrading to premium plan. When would be a good time to discuss further?

Regards, Alex",non-urgent
"Hello Support, 

The database crash has completely taken down our service. Can you escalate this issue immediately?

Regards, Taylor",urgent
"Hi, 

I would like to inquire about upgrading to premium plan. Could you please share the detailed information?

Thnx, Chris",non-urgent
"Hello Support, 

The server outage has completely taken down our service. Can you escalate this issue immediately?

Regards, Jordan",urgent
"Dear Customer Service,

I'm stuck trying to resolve password reset via the FAQ. Please escalate this to human support.

Thanks a lot, Pat",needs human
"Hi Team, 

We are experiencing server outage right now and it's impacting all customers. Need urgent attention! Please prioritize this.

Need urgent hlp, Emily",urgent
"Hello Support, 

The payment gateway failure has completely taken down our service. Can you escalate this issue immediately?

thanx, Pat",urgent
"Hi, 

I would like to inquire about upgrading to premium plan. Could you please share the detailed information?

Thanks, Jordan",non-urgent
"Hi, 

I would like to inquire about upgrading to premium plan. Could you please share the detailed information?

Thanks, Alex",non-urgent
"Hi, 

I would like to inquire about feature request. Could you please share the detailed information?

Thnx, Taylor",non-urgent
"Dear Customer Service,

I'm stuck trying to resolve billing discrepancy via the FAQ. Please escalate this to human support.

Thanks a lot, John",needs human
"Hello Support,

Having trouble with account verification. The chatbot couldn't assist. Need a real person to help.

Regards, Alex",needs human
"Hello, 

I'm considering subscription renewal. When would be a good time to discuss further?

Regards, Pat",non-urgent
"Dear Team,

Need clarification on subscription renewal. No immediate rush, but would appreciate a response soon.

Thanks, Taylor",non-urgent
"Hi there, 

I tried the automated system but it's not solving my problem related to billing discrepancy. Please connect me to a live agent.

Thanks, Taylor",needs human
"Dear Support,

Critical alert on server outage - major outage reported. Requesting urgent resolution.

Cheers, John",urgent
"Dear Team,

Need clarification on subscription renewal. No immediate rush, but would appreciate a response soon.

Need urgent hlp, Alex",non-urgent
"Dear Team,

Need clarification on subscription renewal. No immediate rush, but would appreciate a response soon.

thanx, Jordan",non-urgent
"Hi, 

I would like to inquire about subscription renewal. Could you please share the detailed information?

Kindly, Jordan",non-urgent
"Hi, 

I would like to inquire about feature request. Could you please share the detailed information?

Kindly, Taylor",non-urgent
"Hi Team, 

We are experiencing payment gateway failure right now and it's impacting all customers. Need urgent attention! Please prioritize this.

thanx, Pat",urgent
"Hello Support, 

The payment gateway failure has completely taken down our service. Can you escalate this issue immediately?

Regards, Chris",urgent
"Hi, 

I would like to inquire about subscription renewal. Could you please share the detailed information?

thanx, Chris",non-urgent
"Hi there, 

I tried the automated system but it's not solving my problem related to billing discrepancy. Please connect me to a live agent.

Thanks, Pat",needs human
"Hi Team, 

We are experiencing database crash right now and it's impacting all customers. Need urgent attention! Please prioritize this.

Kindly, Emily",urgent
"Hello Support, 

The payment gateway failure has completely taken down our service. Can you escalate this issue immediately?

urgent pls, Pat",urgent
"Hi, 

I would like to inquire about upgrading to premium plan. Could you please share the detailed information?

Need asap, Taylor",non-urgent
"Hello, 

I'm considering feature request. When would be a good time to discuss further?

thanx, Emily",non-urgent
"Hi, 

I would like to inquire about subscription renewal. Could you please share the detailed information?

Thanks, Jordan",non-urgent
"Hi, 

I would like to inquire about upgrading to premium plan. Could you please share the detailed information?

Thanks, Chris",non-urgent
"Hello Support,

Having trouble with account verification. The chatbot couldn't assist. Need a real person to help.

Regards, Chris",needs human
"Dear Support,

Critical alert on database crash - major outage reported. Requesting urgent resolution.

Cheers, Taylor",urgent
"Hi there, 

I tried the automated system but it's not solving my problem related to billing discrepancy. Please connect me to a live agent.

Thanks, Taylor",needs human
"Hi there, 

I tried the automated system but it's not solving my problem related to billing discrepancy. Please connect me to a live agent.

Thanks, Jordan",needs human
"Dear Team,

Need clarification on feature request. No immediate rush, but would appreciate a response soon.

Thanks, Chris",non-urgent
"Dear Support,

Critical alert on payment gateway failure - major outage reported. Requesting urgent resolution.

Cheers, Chris",urgent
"Hello Support,

Having trouble with password reset. The chatbot couldn't assist. Need a real person to help.

Regards, Alex",needs human
"Hello Support, 

The server outage has completely taken down our service. Can you escalate this issue immediately?

Regards, Jordan",urgent
"Hello Support,

Having trouble with account verification. The chatbot couldn't assist. Need a real person to help.

Pls, Taylor",needs human
"Hello Support,

Having trouble with account verification. The chatbot couldn't assist. Need a real person to help.

Regards, Taylor",needs human
"Dear Support,

Critical alert on payment gateway failure - major outage reported. Requesting urgent resolution.

Cheers, Jordan",urgent
"Hello, 

I'm considering subscription renewal. When would be a good time to discuss further?

Regards, Taylor",non-urgent
"Hi Team, 

We are experiencing server outage right now and it's impacting all customers. Need urgent attention! Please prioritize this.

Thanks, Pat",urgent
"Dear Customer Service,

I'm stuck trying to resolve billing discrepancy via the FAQ. Please escalate this to human support.

Thanks a lot, Emily",needs human
"Hi, 

I would like to inquire about feature request. Could you please share the detailed information?

Thanks, Emily",non-urgent
"Hi, 

I would like to inquire about feature request. Could you please share the detailed information?

Thanks, Alex",non-urgent
"Hello Support, 

The server outage has completely taken down our service. Can you escalate this issue immediately?

Regards, Pat",urgent
"Hi Team, 

We are experiencing server outage right now and it's impacting all customers. Need urgent attention! Please prioritize this.

Thanks, Alex",urgent
"Hello, 

I'm considering subscription renewal. When would be a good time to discuss further?

Regards, Taylor",non-urgent
"Hi there, 

I tried the automated system but it's not solving my problem related to password reset. Please connect me to a live agent.

Thanks, Taylor",needs human
"Hi Team, 

We are experiencing payment gateway failure right now and it's impacting all customers. Need urgent attention! Please prioritize this.

Thanks, Jordan",urgent
"Hi Team, 

We are experiencing database crash right now and it's impacting all customers. Need urgent attention! Please prioritize this.

Thanks, Jordan",urgent
"Hi Team, 

We are experiencing server outage right now and it's impacting all customers. Need urgent attention! Please prioritize this.

Thanks, Chris",urgent
"Dear Customer Service,

I'm stuck trying to resolve account verification via the FAQ. Please escalate this to human support.

Thanks a lot, Alex",needs human
"Hi there, 

I tried the automated system but it's not solving my problem related to billing discrepancy. Please connect me to a live agent.

Thanks, John",needs human
"Dear Team,

Need clarification on feature request. No immediate rush, but would appreciate a response soon.

Thanks, Taylor",non-urgent
"Hi Team, 

We are experiencing payment gateway failure right now and it's impacting all customers. Need urgent attention! Please prioritize this.

Kindly, John",urgent
"Hello, 

I'm considering upgrading to premium plan. When would be a good time to discuss further?

Regards, Taylor",non-urgent
"Hello, 

I'm considering feature request. When would be a good time to discuss further?

Regards, Emily",non-urgent
"Hello Support, 

The database crash has completely taken down our service. Can you escalate this issue immediately?

Regards, Pat",urgent
"Hi there, 

I tried the automated system but it's not solving my problem related to account verification. Please connect me to a live agent.

Thanks, Alex",needs human
"Dear Customer Service,

I'm stuck trying to resolve account verification via the FAQ. Please escalate this to human support.

thanx a lot, Taylor",needs human
"Hello Support, 

The payment gateway failure has completely taken down our service. Can you escalate this issue immediately?

Regards, Pat",urgent
"Hi, 

I would like to inquire about subscription renewal. Could you please share the detailed information?

Thanks, Jordan",non-urgent
"Dear Customer Service,

I'm stuck trying to resolve account verification via the FAQ. Please escalate this to human support.

Thanks a lot, Taylor",needs human
"Hello, 

I'm considering upgrading to premium plan. When would be a good time to discuss further?

Regards, Jordan",non-urgent
"Dear Team,

Need clarification on subscription renewal. No immediate rush, but would appreciate a response soon.

Need asap, Jordan",non-urgent
"Hi there, 

I tried the automated system but it's not solving my problem related to password reset. Please connect me to a live agent.

Thanks, Jordan",needs human
"Hello Support, 

The payment gateway failure has completely taken down our service. Can you escalate this issue immediately?

Regards, John",urgent
"Dear Support,

Critical alert on database crash - major outage reported. Requesting urgent resolution.

Cheers, Pat",urgent
"Dear Customer Service,

I'm stuck trying to resolve billing discrepancy via the FAQ. Please escalate this to human support.

Thanks a lot, Chris",needs human
"Hello Support, 

The database crash has completely taken down our service. Can you escalate this issue immediately?

Regards, Chris",urgent
"Dear Customer Service,

I'm stuck trying to resolve password reset via the FAQ. Please escalate this to human support.

Thanks a lot, Alex",needs human
"Dear Customer Service,

I'm stuck trying to resolve password reset via the FAQ. Please escalate this to human support.

Thanks a lot, Alex",needs human
"Hello Support,

Having trouble with account verification. The chatbot couldn't assist. Need a real person to help.

Regards, Jordan",needs human
"Hi there, 

I tried the automated system but it's not solving my problem related to billing discrepancy. Please connect me to a live agent.

ASAP, Chris",needs human
"Hi Team, 

We are experiencing payment gateway failure right now and it's impacting all customers. Need urgent attention! Please prioritize this.

Thanks, Chris",urgent
"Dear Support,

Critical alert on payment gateway failure - major outage reported. Requesting urgent resolution.

Cheers, Pat",urgent
"Hi, 

I would like to inquire about upgrading to premium plan. Could you please share the detailed information?

Thanks, Taylor",non-urgent
"Dear Customer Service,

I'm stuck trying to resolve billing discrepancy via the FAQ. Please escalate this to human support.

Thanks a lot, Jordan",needs human
"Hi Team, 

We are experiencing database crash right now and it's impacting all customers. Need urgent attention! Please prioritize this.

Thanks, John",urgent
"Hi Team, 

We are experiencing payment gateway failure right now and it's impacting all customers. Need urgent attention! Please prioritize this.

Thanks, Pat",urgent
"Hello Support,

Having trouble with billing discrepancy. The chatbot couldn't assist. Need a real person to help.

thanx, Taylor",needs human
"Hello Support,

Having trouble with password reset. The chatbot couldn't assist. Need a real person to help.

Regards, Alex",needs human
"Hello Support, 

The payment gateway failure has completely taken down our service. Can you escalate this issue immediately?

ASAP, Taylor",urgent
"Hello, 

I'm considering upgrading to premium plan. When would be a good time to discuss further?

Need urgent hlp, Taylor",non-urgent
"Hello Support,

Having trouble with account verification. The chatbot couldn't assist. Need a real person to help.

Regards, Taylor",needs human
"Dear Support,

Critical alert on database crash - major outage reported. Requesting urgent resolution.

Cheers, Jordan",urgent
"Hello, 

I'm considering upgrading to premium plan. When would be a good time to discuss further?

Regards, John",non-urgent
"Dear Customer Service,

I'm stuck trying to resolve account verification via the FAQ. Please escalate this to human support.

Thanks a lot, Chris",needs human
"Hello Support, 

The server outage has completely taken down our service. Can you escalate this issue immediately?

Kindly, Taylor",urgent
"Hi Team, 

We are experiencing payment gateway failure right now and it's impacting all customers. Need urgent attention! Please prioritize this.

Thanks, Emily",urgent
"Hi there, 

I tried the automated system but it's not solving my problem related to password reset. Please connect me to a live agent.

Pls, Emily",needs human
"Hello Support,

Having trouble with password reset. The chatbot couldn't assist. Need a real person to help.

Regards, John",needs human
"Dear Team,

Need clarification on upgrading to premium plan. No immediate rush, but would appreciate a response soon.

Thnx, Alex",non-urgent
"Hello Support,

Having trouble with billing discrepancy. The chatbot couldn't assist. Need a real person to help.

Regards, Pat",needs human
"Dear Team,

Need clarification on feature request. No immediate rush, but would appreciate a response soon.

Appreciate it, Pat",non-urgent
"Hello, 

I'm considering upgrading to premium plan. When would be a good time to discuss further?

Need asap, Emily",non-urgent
"Hello Support,

Having trouble with password reset. The chatbot couldn't assist. Need a real person to help.

Regards, Alex",needs human
"Hello Support,

Having trouble with password reset. The chatbot couldn't assist. Need a real person to help.

Regards, Taylor",needs human
"Hello, 

I'm considering subscription renewal. When would be a good time to discuss further?

Pls, Chris",non-urgent
"Dear Support,

Critical alert on server outage - major outage reported. Requesting urgent resolution.

Cheers, Emily",urgent
"Hi, 

I would like to inquire about subscription renewal. Could you please share the detailed information?

Need urgent hlp, Alex",non-urgent
"Hello Support,

Having trouble with account verification. The chatbot couldn't assist. Need a real person to help.

Regards, Emily",needs human
"Dear Team,

Need clarification on feature request. No immediate rush, but would appreciate a response soon.

Kindly, John",non-urgent
"Hi there, 

I tried the automated system but it's not solving my problem related to password reset. Please connect me to a live agent.

Thanks, Pat",needs human
"Hi Team, 

We are experiencing database crash right now and it's impacting all customers. Need urgent attention! Please prioritize this.

Appreciate it, Chris",urgent
"Hello Support, 

The server outage has completely taken down our service. Can you escalate this issue immediately?

Regards, Emily",urgent
"Hello Support,

Having trouble with password reset. The chatbot couldn't assist. Need a real person to help.

Regards, John",needs human
"Hello Support,

Having trouble with account verification. The chatbot couldn't assist. Need a real person to help.

Regards, John",needs human
"Hi, 

I would like to inquire about upgrading to premium plan. Could you please share the detailed information?

Need asap, Emily",non-urgent
"Hi, 

I would like to inquire about subscription renewal. Could you please share the detailed information?

Thanks, Taylor",non-urgent
"Hello Support, 

The payment gateway failure has completely taken down our service. Can you escalate this issue immediately?

Regards, Taylor",urgent
"Hello Support, 

The server outage has completely taken down our service. Can you escalate this issue immediately?

Regards, Chris",urgent
"Hi there, 

I tried the automated system but it's not solving my problem related to password reset. Please connect me to a live agent.

Thanks, Taylor",needs human
"Hi there, 

I tried the automated system but it's not solving my problem related to billing discrepancy. Please connect me to a live agent.

Thanks, Emily",needs human
"Hi, 

I would like to inquire about feature request. Could you please share the detailed information?

Thanks, Pat",non-urgent
"Hello Support,

Having trouble with billing discrepancy. The chatbot couldn't assist. Need a real person to help.

Regards, Pat",needs human
"Hi Team, 

We are experiencing database crash right now and it's impacting all customers. Need urgent attention! Please prioritize this.

Thanks, Emily",urgent
"Dear Support,

Critical alert on server outage - major outage reported. Requesting urgent resolution.

Cheers, Taylor",urgent
"Hello Support,

Having trouble with account verification. The chatbot couldn't assist. Need a real person to help.

Regards, Alex",needs human
"Hello, 

I'm considering subscription renewal. When would be a good time to discuss further?

Regards, Jordan",non-urgent
"Dear Team,

Need clarification on feature request. No immediate rush, but would appreciate a response soon.

Need asap, Taylor",non-urgent
"Hello Support, 

The server outage has completely taken down our service. Can you escalate this issue immediately?

Regards, Jordan",urgent
"Hello Support, 

The server outage has completely taken down our service. Can you escalate this issue immediately?

Thnx, Chris",urgent
"Hi, 

I would like to inquire about feature request. Could you please share the detailed information?

Thanks, John",non-urgent
"Dear Customer Service,

I'm stuck trying to resolve password reset via the FAQ. Please escalate this to human support.

Thanks a lot, Alex",needs human
"Dear Support,

Critical alert on payment gateway failure - major outage reported. Requesting urgent resolution.

Cheers, Alex",urgent
"Hi Team, 

We are experiencing payment gateway failure right now and it's impacting all customers. Need urgent attention! Please prioritize this.

Thanks, Taylor",urgent
"Hi, 

I would like to inquire about feature request. Could you please share the detailed information?

Thanks, Chris",non-urgent
"Dear Support,

Critical alert on payment gateway failure - major outage reported. Requesting urgent resolution.

Cheers, Taylor",urgent
"Dear Support,

Critical alert on server outage - major outage reported. Requesting urgent resolution.

Cheers, John",urgent
"Dear Customer Service,

I'm stuck trying to resolve account verification via the FAQ. Please escalate this to human support.

Thanks a lot, Emily",needs human
"Dear Customer Service,

I'm stuck trying to resolve billing discrepancy via the FAQ. Please escalate this to human support.

Thanks a lot, Jordan",needs human
"Hi, 

I would like to inquire about upgrading to premium plan. Could you please share the detailed information?

Thanks, John",non-urgent
"Hello Support, 

The payment gateway failure has completely taken down our service. Can you escalate this issue immediately?

Regards, John",urgent
"Hi there, 

I tried the automated system but it's not solving my problem related to billing discrepancy. Please connect me to a live agent.

urgent pls, Chris",needs human
"Hello Support, 

The server outage has completely taken down our service. Can you escalate this issue immediately?

Regards, Pat",urgent
"Hi Team, 

We are experiencing payment gateway failure right now and it's impacting all customers. Need urgent attention! Please prioritize this.

Thanks, Alex",urgent
"Hi, 

I would like to inquire about upgrading to premium plan. Could you please share the detailed information?

Appreciate it, Jordan",non-urgent
"Hello, 

I'm considering subscription renewal. When would be a good time to discuss further?

Regards, Emily",non-urgent
"Dear Support,

Critical alert on database crash - major outage reported. Requesting urgent resolution.

Cheers, Pat",urgent
"Dear Team,

Need clarification on subscription renewal. No immediate rush, but would appreciate a response soon.

Thanks, Taylor",non-urgent
"Dear Customer Service,

I'm stuck trying to resolve password reset via the FAQ. Please escalate this to human support.

Thanks a lot, Pat",needs human
"Hi there, 

I tried the automated system but it's not solving my problem related to password reset. Please connect me to a live agent.

Pls, John",needs human
"Hi there, 

I tried the automated system but it's not solving my problem related to account verification. Please connect me to a live agent.

Need asap, Pat",needs human
"Hello Support, 

The payment gateway failure has completely taken down our service. Can you escalate this issue immediately?

Regards, Alex",urgent
"Dear Customer Service,

I'm stuck trying to resolve billing discrepancy via the FAQ. Please escalate this to human support.

Appreciate it a lot, Alex",needs human
"Hi Team, 

We are experiencing server outage right now and it's impacting all customers. Need urgent attention! Please prioritize this.

Thanks, Jordan",urgent
"Hello, 

I'm considering subscription renewal. When would be a good time to discuss further?

Regards, Chris",non-urgent
"Hello, 

I'm considering subscription renewal. When would be a good time to discuss further?

Regards, Taylor",non-urgent
"Hi, 

I would like to inquire about upgrading to premium plan. Could you please share the detailed information?

Need urgent hlp, Emily",non-urgent
"Hi there, 

I tried the automated system but it's not solving my problem related to billing discrepancy. Please connect me to a live agent.

Thanks, John",needs human
"Dear Customer Service,

I'm stuck trying to resolve account verification via the FAQ. Please escalate this to human support.

Thanks a lot, Emily",needs human
"Dear Customer Service,

I'm stuck trying to resolve password reset via the FAQ. Please escalate this to human support.

Thanks a lot, Jordan",needs human
"Hello, 

I'm considering feature request. When would be a good time to discuss further?

Kindly, Chris",non-urgent
"Dear Customer Service,

I'm stuck trying to resolve account verification via the FAQ. Please escalate this to human support.

Thanks a lot, Chris",needs human
"Hi, 

I would like to inquire about feature request. Could you please share the detailed information?

urgent pls, Taylor",non-urgent
"Hi, 

I would like to inquire about feature request. Could you please share the detailed information?

Thanks, Taylor",non-urgent
"Hello Support,

Having trouble with account verification. The chatbot couldn't assist. Need a real person to help.

Regards, Taylor",needs human
"Hi Team, 

We are experiencing payment gateway failure right now and it's impacting all customers. Need urgent attention! Please prioritize this.

Thanks, Alex",urgent
"Hi there, 

I tried the automated system but it's not solving my problem related to billing discrepancy. Please connect me to a live agent.

Thanks, Chris",needs human
"Dear Support,

Critical alert on server outage - major outage reported. Requesting urgent resolution.

Cheers, John",urgent
"Hello Support,

Having trouble with billing discrepancy. The chatbot couldn't assist. Need a real person to help.

Regards, Taylor",needs human
"Dear Support,

Critical alert on database crash - major outage reported. Requesting urgent resolution.

Cheers, Pat",urgent
"Dear Support,

Critical alert on payment gateway failure - major outage reported. Requesting urgent resolution.

Cheers, Chris",urgent
"Hello Support, 

The server outage has completely taken down our service. Can you escalate this issue immediately?

Appreciate it, Taylor",urgent
"Hello Support, 

The server outage has completely taken down our service. Can you escalate this issue immediately?

Regards, Jordan",urgent
"Hello Support,

Having trouble with account verification. The chatbot couldn't assist. Need a real person to help.

Regards, Alex",needs human
"Hi there, 

I tried the automated system but it's not solving my problem related to account verification. Please connect me to a live agent.

Thanks, Jordan",needs human
"Dear Support,

Critical alert on server outage - major outage reported. Requesting urgent resolution.

Cheers, Taylor",urgent
"Hello Support, 

The database crash has completely taken down our service. Can you escalate this issue immediately?

Need asap, Taylor",urgent
"Hi, 

I would like to inquire about subscription renewal. Could you please share the detailed information?

Thanks, Alex",non-urgent
"Hi Team, 

We are experiencing payment gateway failure right now and it's impacting all customers. Need urgent attention! Please prioritize this.

Thanks, Alex",urgent
"Hi, 

I would like to inquire about subscription renewal. Could you please share the detailed information?

Thanks, Pat",non-urgent
"Hi there, 

I tried the automated system but it's not solving my problem related to account verification. Please connect me to a live agent.

Thanks, Jordan",needs human
"Hello Support, 

The server outage has completely taken down our service. Can you escalate this issue immediately?

Regards, Taylor",urgent
"Dear Customer Service,

I'm stuck trying to resolve billing discrepancy via the FAQ. Please escalate this to human support.

Thanks a lot, Emily",needs human
"Hi Team, 

We are experiencing database crash right now and it's impacting all customers. Need urgent attention! Please prioritize this.

ASAP, Emily",urgent
"Dear Team,

Need clarification on upgrading to premium plan. No immediate rush, but would appreciate a response soon.

Thanks, Alex",non-urgent
"Hi, 

I would like to inquire about upgrading to premium plan. Could you please share the detailed information?

Thanks, Taylor",non-urgent
"Hi there, 

I tried the automated system but it's not solving my problem related to account verification. Please connect me to a live agent.

Need asap, Taylor",needs human
"Dear Customer Service,

I'm stuck trying to resolve password reset via the FAQ. Please escalate this to human support.

Thanks a lot, Alex",needs human
"Hi there, 

I tried the automated system but it's not solving my problem related to account verification. Please connect me to a live agent.

Thanks, Jordan",needs human
"Dear Customer Service,

I'm stuck trying to resolve password reset via the FAQ. Please escalate this to human support.

Thanks a lot, Chris",needs human
"Dear Support,

Critical alert on server outage - major outage reported. Requesting urgent resolution.

Cheers, Emily",urgent
"Hi Team, 

We are experiencing payment gateway failure right now and it's impacting all customers. Need urgent attention! Please prioritize this.

Thanks, Chris",urgent
"Hello Support,

Having trouble with account verification. The chatbot couldn't assist. Need a real person to help.

Regards, Taylor",needs human
"Hello, 

I'm considering subscription renewal. When would be a good time to discuss further?

Regards, John",non-urgent
"Hi there, 

I tried the automated system but it's not solving my problem related to account verification. Please connect me to a live agent.

Thanks, Jordan",needs human
"Hi, 

I would like to inquire about upgrading to premium plan. Could you please share the detailed information?

Thanks, Pat",non-urgent
"Hello Support,

Having trouble with account verification. The chatbot couldn't assist. Need a real person to help.

Regards, John",needs human
"Hello Support,

Having trouble with password reset. The chatbot couldn't assist. Need a real person to help.

Regards, Taylor",needs human
"Hi Team, 

We are experiencing payment gateway failure right now and it's impacting all customers. Need urgent attention! Please prioritize this.

Thanks, Taylor",urgent
"Dear Support,

Critical alert on payment gateway failure - major outage reported. Requesting urgent resolution.

Cheers, Emily",urgent
"Hi, 

I would like to inquire about feature request. Could you please share the detailed information?

Thanks, Pat",non-urgent
"Hi there, 

I tried the automated system but it's not solving my problem related to account verification. Please connect me to a live agent.

Thanks, Alex",needs human
"Dear Team,

Need clarification on upgrading to premium plan. No immediate rush, but would appreciate a response soon.

Need asap, Alex",non-urgent
"Hello Support,

Having trouble with account verification. The chatbot couldn't assist. Need a real person to help.

Regards, Alex",needs human
"Dear Customer Service,

I'm stuck trying to resolve billing discrepancy via the FAQ. Please escalate this to human support.

Need urgent hlp a lot, Pat",needs human
"Dear Support,

Critical alert on server outage - major outage reported. Requesting urgent resolution.

Cheers, Pat",urgent
"Hi there, 

I tried the automated system but it's not solving my problem related to account verification. Please connect me to a live agent.

Need asap, Emily",needs human
"Hello Support, 

The server outage has completely taken down our service. Can you escalate this issue immediately?

Kindly, Pat",urgent
"Hi Team, 

We are experiencing database crash right now and it's impacting all customers. Need urgent attention! Please prioritize this.

Thanks, Pat",urgent
"Hello, 

I'm considering subscription renewal. When would be a good time to discuss further?

Regards, Pat",non-urgent
"Hello Support, 

The server outage has completely taken down our service. Can you escalate this issue immediately?

ASAP, Emily",urgent
"Hi, 

I would like to inquire about feature request. Could you please share the detailed information?

urgent pls, John",non-urgent
"Hi, 

I would like to inquire about subscription renewal. Could you please share the detailed information?

Thanks, Pat",non-urgent
"Dear Support,

Critical alert on database crash - major outage reported. Requesting urgent resolution.

Cheers, Alex",urgent
"Dear Team,

Need clarification on subscription renewal. No immediate rush, but would appreciate a response soon.

Thanks, Chris",non-urgent
"Hi there, 

I tried the automated system but it's not solving my problem related to account verification. Please connect me to a live agent.

Thanks, Jordan",needs human
"Hi Team, 

We are experiencing server outage right now and it's impacting all customers. Need urgent attention! Please prioritize this.

Need asap, Emily",urgent
"Dear Team,

Need clarification on feature request. No immediate rush, but would appreciate a response soon.

Thanks, Chris",non-urgent
"Hi Team, 

We are experiencing database crash right now and it's impacting all customers. Need urgent attention! Please prioritize this.

Thanks, Alex",urgent
"Hi, 

I would like to inquire about upgrading to premium plan. Could you please share the detailed information?

Thanks, Pat",non-urgent
"Hi there, 

I tried the automated system but it's not solving my problem related to billing discrepancy. Please connect me to a live agent.

Thanks, Emily",needs human
"Dear Team,

Need clarification on feature request. No immediate rush, but would appreciate a response soon.

Thanks, Pat",non-urgent
"Hi, 

I would like to inquire about subscription renewal. Could you please share the detailed information?

Thanks, Alex",non-urgent
"Hi, 

I would like to inquire about subscription renewal. Could you please share the detailed information?

Kindly, Taylor",non-urgent
"Hi Team, 

We are experiencing payment gateway failure right now and it's impacting all customers. Need urgent attention! Please prioritize this.

ASAP, Alex",urgent
"Hi Team, 

We are experiencing database crash right now and it's impacting all customers. Need urgent attention! Please prioritize this.

Thanks, Alex",urgent
"Hello Support,

Having trouble with account verification. The chatbot couldn't assist. Need a real person to help.

Regards, Emily",needs human
"Dear Team,

Need clarification on upgrading to premium plan. No immediate rush, but would appreciate a response soon.

Thanks, Chris",non-urgent
"Hi, 

I would like to inquire about upgrading to premium plan. Could you please share the detailed information?

Thanks, Chris",non-urgent
"Hi Team, 

We are experiencing server outage right now and it's impacting all customers. Need urgent attention! Please prioritize this.

urgent pls, Pat",urgent
"Hello Support, 

The database crash has completely taken down our service. Can you escalate this issue immediately?

Regards, Emily",urgent
"Hello, 

I'm considering upgrading to premium plan. When would be a good time to discuss further?

Regards, John",non-urgent
"Dear Team,

Need clarification on feature request. No immediate rush, but would appreciate a response soon.

Thanks, Pat",non-urgent
"Hi, 

I would like to inquire about feature request. Could you please share the detailed information?

urgent pls, Jordan",non-urgent
"Dear Support,

Critical alert on server outage - major outage reported. Requesting urgent resolution.

Cheers, Chris",urgent
"Dear Customer Service,

I'm stuck trying to resolve account verification via the FAQ. Please escalate this to human support.

Thanks a lot, Jordan",needs human
"Dear Customer Service,

I'm stuck trying to resolve account verification via the FAQ. Please escalate this to human support.

Thanks a lot, Alex",needs human
"Dear Team,

Need clarification on feature request. No immediate rush, but would appreciate a response soon.

Thanks, Taylor",non-urgent
"Hi Team, 

We are experiencing server outage right now and it's impacting all customers. Need urgent attention! Please prioritize this.

Thanks, Chris",urgent
"Hi there, 

I tried the automated system but it's not solving my problem related to account verification. Please connect me to a live agent.

Thanks, Emily",needs human
"Dear Customer Service,

I'm stuck trying to resolve password reset via the FAQ. Please escalate this to human support.

Thanks a lot, Alex",needs human
"Dear Team,

Need clarification on feature request. No immediate rush, but would appreciate a response soon.

Thanks, Chris",non-urgent
"Hi there, 

I tried the automated system but it's not solving my problem related to account verification. Please connect me to a live agent.

Thanks, Pat",needs human
"Hi there, 

I tried the automated system but it's not solving my problem related to password reset. Please connect me to a live agent.

Thanks, John",needs human
"Dear Customer Service,

I'm stuck trying to resolve billing discrepancy via the FAQ. Please escalate this to human support.

Thanks a lot, Alex",needs human
"Hello Support, 

The database crash has completely taken down our service. Can you escalate this issue immediately?

ASAP, Taylor",urgent
"Hello Support,

Having trouble with password reset. The chatbot couldn't assist. Need a real person to help.

urgent pls, Emily",needs human
"Hi there, 

I tried the automated system but it's not solving my problem related to account verification. Please connect me to a live agent.

Thanks, Alex",needs human
"Hi Team, 

We are experiencing database crash right now and it's impacting all customers. Need urgent attention! Please prioritize this.

Pls, Pat",urgent
"Dear Support,

Critical alert on server outage - major outage reported. Requesting urgent resolution.

Cheers, Jordan",urgent
"Hello Support, 

The server outage has completely taken down our service. Can you escalate this issue immediately?

Regards, Emily",urgent
"Dear Team,

Need clarification on subscription renewal. No immediate rush, but would appreciate a response soon.

Thanks, Alex",non-urgent
"Hello Support,

Having trouble with account verification. The chatbot couldn't assist. Need a real person to help.

Regards, Jordan",needs human
"Hello, 

I'm considering upgrading to premium plan. When would be a good time to discuss further?

urgent pls, Jordan",non-urgent
"Hello Support, 

The server outage has completely taken down our service. Can you escalate this issue immediately?

Thnx, Jordan",urgent
"Hi Team, 

We are experiencing payment gateway failure right now and it's impacting all customers. Need urgent attention! Please prioritize this.

Thanks, Chris",urgent
"Hi there, 

I tried the automated system but it's not solving my problem related to account verification. Please connect me to a live agent.

Need urgent hlp, Alex",needs human
"Hello Support, 

The server outage has completely taken down our service. Can you escalate this issue immediately?

Regards, Chris",urgent
"Hi, 

I would like to inquire about feature request. Could you please share the detailed information?

ASAP, John",non-urgent
"Hello, 

I'm considering upgrading to premium plan. When would be a good time to discuss further?

Regards, Emily",non-urgent
"Dear Support,

Critical alert on payment gateway failure - major outage reported. Requesting urgent resolution.

Cheers, Taylor",urgent
"Hello Support,

Having trouble with billing discrepancy. The chatbot couldn't assist. Need a real person to help.

Regards, Taylor",needs human
"Hello, 

I'm considering upgrading to premium plan. When would be a good time to discuss further?

Regards, Emily",non-urgent
"Hi Team, 

We are experiencing server outage right now and it's impacting all customers. Need urgent attention! Please prioritize this.

Thanks, Pat",urgent
"Dear Team,

Need clarification on upgrading to premium plan. No immediate rush, but would appreciate a response soon.

Need asap, Alex",non-urgent
"Hi, 

I would like to inquire about upgrading to premium plan. Could you please share the detailed information?

Thanks, Emily",non-urgent
"Hello Support, 

The database crash has completely taken down our service. Can you escalate this issue immediately?

Regards, Emily",urgent
"Dear Customer Service,

I'm stuck trying to resolve account verification via the FAQ. Please escalate this to human support.

Thanks a lot, John",needs human
"Hello Support,

Having trouble with account verification. The chatbot couldn't assist. Need a real person to help.

urgent pls, Jordan",needs human
"Hello Support,

Having trouble with billing discrepancy. The chatbot couldn't assist. Need a real person to help.

Regards, Emily",needs human
"Hello Support, 

The server outage has completely taken down our service. Can you escalate this issue immediately?

Regards, Jordan",urgent
"Hello, 

I'm considering subscription renewal. When would be a good time to discuss further?

Regards, Chris",non-urgent
"Hello Support,

Having trouble with billing discrepancy. The chatbot couldn't assist. Need a real person to help.

Need urgent hlp, Alex",needs human
"Hello Support,

Having trouble with account verification. The chatbot couldn't assist. Need a real person to help.

Regards, Jordan",needs human
"Hello Support, 

The database crash has completely taken down our service. Can you escalate this issue immediately?

Need asap, Taylor",urgent
"Hi Team, 

We are experiencing database crash right now and it's impacting all customers. Need urgent attention! Please prioritize this.

Thanks, Taylor",urgent
"Hi there, 

I tried the automated system but it's not solving my problem related to password reset. Please connect me to a live agent.

Thanks, John",needs human
"Hello Support, 

The database crash has completely taken down our service. Can you escalate this issue immediately?

urgent pls, Taylor",urgent
"Dear Support,

Critical alert on payment gateway failure - major outage reported. Requesting urgent resolution.

Cheers, Chris",urgent
"Hello Support,

Having trouble with account verification. The chatbot couldn't assist. Need a real person to help.

urgent pls, Alex",needs human
"Hello, 

I'm considering subscription renewal. When would be a good time to discuss further?

Regards, Taylor",non-urgent
"Hello Support, 

The server outage has completely taken down our service. Can you escalate this issue immediately?

Regards, John",urgent
"Hello, 

I'm considering feature request. When would be a good time to discuss further?

Regards, Taylor",non-urgent
"Hello Support,

Having trouble with password reset. The chatbot couldn't assist. Need a real person to help.

Regards, Jordan",needs human
"Hi Team, 

We are experiencing server outage right now and it's impacting all customers. Need urgent attention! Please prioritize this.

urgent pls, Alex",urgent
"Hello Support,

Having trouble with billing discrepancy. The chatbot couldn't assist. Need a real person to help.

Need asap, Alex",needs human
"Hello, 

I'm considering feature request. When would be a good time to discuss further?

Regards, Alex",non-urgent
"Dear Support,

Critical alert on payment gateway failure - major outage reported. Requesting urgent resolution.

Cheers, Alex",urgent
"Hello Support, 

The server outage has completely taken down our service. Can you escalate this issue immediately?

ASAP, Alex",urgent
"Hello Support, 

The server outage has completely taken down our service. Can you escalate this issue immediately?

Regards, Chris",urgent
"Hello Support, 

The server outage has completely taken down our service. Can you escalate this issue immediately?

Regards, Jordan",urgent
"Dear Support,

Critical alert on server outage - major outage reported. Requesting urgent resolution.

Cheers, Alex",urgent
"Hi Team, 

We are experiencing payment gateway failure right now and it's impacting all customers. Need urgent attention! Please prioritize this.

Thanks, Pat",urgent
"Dear Team,

Need clarification on upgrading to premium plan. No immediate rush, but would appreciate a response soon.

thanx, Chris",non-urgent
"Hi, 

I would like to inquire about upgrading to premium plan. Could you please share the detailed information?

Thanks, Emily",non-urgent
"Dear Support,

Critical alert on database crash - major outage reported. Requesting urgent resolution.

Cheers, Alex",urgent
"Hello Support, 

The database crash has completely taken down our service. Can you escalate this issue immediately?

Regards, Chris",urgent
"Hello, 

I'm considering upgrading to premium plan. When would be a good time to discuss further?

Kindly, Emily",non-urgent
"Hi, 

I would like to inquire about feature request. Could you please share the detailed information?

Thanks, John",non-urgent
"Hello Support, 

The database crash has completely taken down our service. Can you escalate this issue immediately?

Need asap, Alex",urgent
"Dear Team,

Need clarification on subscription renewal. No immediate rush, but would appreciate a response soon.

Thanks, Emily",non-urgent
"Hello, 

I'm considering subscription renewal. When would be a good time to discuss further?

Regards, Pat",non-urgent
"Hi Team, 

We are experiencing database crash right now and it's impacting all customers. Need urgent attention! Please prioritize this.

thanx, Jordan",urgent
"Hi there, 

I tried the automated system but it's not solving my problem related to account verification. Please connect me to a live agent.

Thanks, John",needs human
"Dear Team,

Need clarification on subscription renewal. No immediate rush, but would appreciate a response soon.

Thanks, Emily",non-urgent
"Dear Customer Service,

I'm stuck trying to resolve password reset via the FAQ. Please escalate this to human support.

Thanks a lot, Alex",needs human
"Dear Team,

Need clarification on feature request. No immediate rush, but would appreciate a response soon.

Thanks, Taylor",non-urgent
"Hello Support,

Having trouble with account verification. The chatbot couldn't assist. Need a real person to help.

Regards, Pat",needs human
"Dear Customer Service,

I'm stuck trying to resolve billing discrepancy via the FAQ. Please escalate this to human support.

Thanks a lot, Chris",needs human
"Hello, 

I'm considering feature request. When would be a good time to discuss further?

Regards, Jordan",non-urgent
"Hi there, 

I tried the automated system but it's not solving my problem related to password reset. Please connect me to a live agent.

Need asap, Emily",needs human
"Hi there, 

I tried the automated system but it's not solving my problem related to password reset. Please connect me to a live agent.

ASAP, Emily",needs human
"Hello Support,

Having trouble with billing discrepancy. The chatbot couldn't assist. Need a real person to help.

Regards, Taylor",needs human
"Hi, 

I would like to inquire about upgrading to premium plan. Could you please share the detailed information?

Thanks, Emily",non-urgent
"Dear Customer Service,

I'm stuck trying to resolve account verification via the FAQ. Please escalate this to human support.

Thnx a lot, Chris",needs human
"Dear Customer Service,

I'm stuck trying to resolve password reset via the FAQ. Please escalate this to human support.

urgent pls a lot, Emily",needs human
"Hi, 

I would like to inquire about subscription renewal. Could you please share the detailed information?

Thanks, John",non-urgent
"Hello Support, 

The payment gateway failure has completely taken down our service. Can you escalate this issue immediately?

urgent pls, Alex",urgent
"Hi Team, 

We are experiencing payment gateway failure right now and it's impacting all customers. Need urgent attention! Please prioritize this.

Thanks, Chris",urgent
"Hi there, 

I tried the automated system but it's not solving my problem related to password reset. Please connect me to a live agent.

Thanks, Emily",needs human
"Hi, 

I would like to inquire about subscription renewal. Could you please share the detailed information?

Thanks, Alex",non-urgent
"Hello Support, 

The server outage has completely taken down our service. Can you escalate this issue immediately?

Regards, Taylor",urgent
"Hi there, 

I tried the automated system but it's not solving my problem related to account verification. Please connect me to a live agent.

Thanks, Alex",needs human
"Dear Team,

Need clarification on upgrading to premium plan. No immediate rush, but would appreciate a response soon.

Thanks, Taylor",non-urgent
"Dear Support,

Critical alert on database crash - major outage reported. Requesting urgent resolution.

Cheers, John",urgent
"Hi Team, 

We are experiencing server outage right now and it's impacting all customers. Need urgent attention! Please prioritize this.

Thanks, Pat",urgent
"Hi there, 

I tried the automated system but it's not solving my problem related to password reset. Please connect me to a live agent.

Thanks, Chris",needs human
"Dear Customer Service,

I'm stuck trying to resolve account verification via the FAQ. Please escalate this to human support.

Thanks a lot, Pat",needs human
"Dear Support,

Critical alert on payment gateway failure - major outage reported. Requesting urgent resolution.

Cheers, Alex",urgent
"Hi, 

I would like to inquire about upgrading to premium plan. Could you please share the detailed information?

Thanks, Alex",non-urgent
"Dear Support,

Critical alert on server outage - major outage reported. Requesting urgent resolution.

Cheers, Alex",urgent
"Dear Support,

Critical alert on payment gateway failure - major outage reported. Requesting urgent resolution.

Cheers, Emily",urgent
"Hi, 

I would like to inquire about upgrading to premium plan. Could you please share the detailed information?

Pls, Pat",non-urgent
"Hello, 

I'm considering upgrading to premium plan. When would be a good time to discuss further?

Regards, Jordan",non-urgent
"Dear Support,

Critical alert on payment gateway failure - major outage reported. Requesting urgent resolution.

Cheers, Jordan",urgent
"Hello Support,

Having trouble with password reset. The chatbot couldn't assist. Need a real person to help.

Regards, Pat",needs human
"Hello Support,

Having trouble with billing discrepancy. The chatbot couldn't assist. Need a real person to help.

thanx, Chris",needs human
"Hello Support, 

The server outage has completely taken down our service. Can you escalate this issue immediately?

Thnx, Alex",urgent
"Hello Support,

Having trouble with account verification. The chatbot couldn't assist. Need a real person to help.

Regards, Chris",needs human
"Hi there, 

I tried the automated system but it's not solving my problem related to account verification. Please connect me to a live agent.

Thanks, Taylor",needs human
"Hello, 

I'm considering upgrading to premium plan. When would be a good time to discuss further?

Need asap, Pat",non-urgent
"Hi there, 

I tried the automated system but it's not solving my problem related to billing discrepancy. Please connect me to a live agent.

Appreciate it, Pat",needs human
"Hi, 

I would like to inquire about subscription renewal. Could you please share the detailed information?

Thanks, Taylor",non-urgent
"Hi there, 

I tried the automated system but it's not solving my problem related to billing discrepancy. Please connect me to a live agent.

Thanks, Emily",needs human
"Dear Team,

Need clarification on feature request. No immediate rush, but would appreciate a response soon.

urgent pls, John",non-urgent
"Dear Support,

Critical alert on server outage - major outage reported. Requesting urgent resolution.

Cheers, Chris",urgent
"Hello, 

I'm considering upgrading to premium plan. When would be a good time to discuss further?

Regards, John",non-urgent
"Dear Support,

Critical alert on database crash - major outage reported. Requesting urgent resolution.

Cheers, Alex",urgent
"Dear Team,

Need clarification on feature request. No immediate rush, but would appreciate a response soon.

Thanks, Alex",non-urgent
"Dear Customer Service,

I'm stuck trying to resolve billing discrepancy via the FAQ. Please escalate this to human support.

Need urgent hlp a lot, Emily",needs human
"Hi, 

I would like to inquire about subscription renewal. Could you please share the detailed information?

Thanks, Jordan",non-urgent
"Hi there, 

I tried the automated system but it's not solving my problem related to password reset. Please connect me to a live agent.

thanx, Pat",needs human
"Hello Support, 

The database crash has completely taken down our service. Can you escalate this issue immediately?

Regards, Emily",urgent
"Dear Customer Service,

I'm stuck trying to resolve account verification via the FAQ. Please escalate this to human support.

Need asap a lot, Alex",needs human
"Dear Team,

Need clarification on upgrading to premium plan. No immediate rush, but would appreciate a response soon.

Pls, Pat",non-urgent
"Hi there, 

I tried the automated system but it's not solving my problem related to account verification. Please connect me to a live agent.

Thanks, Jordan",needs human
"Hi there, 

I tried the automated system but it's not solving my problem related to account verification. Please connect me to a live agent.

Thanks, Jordan",needs human
"Dear Customer Service,

I'm stuck trying to resolve billing discrepancy via the FAQ. Please escalate this to human support.

Thanks a lot, Pat",needs human
"Hello Support, 

The server outage has completely taken down our service. Can you escalate this issue immediately?

Regards, Pat",urgent
"Hi, 

I would like to inquire about subscription renewal. Could you please share the detailed information?

Thnx, Taylor",non-urgent
"Hello Support,

Having trouble with password reset. The chatbot couldn't assist. Need a real person to help.

Regards, Jordan",needs human
"Hello Support, 

The server outage has completely taken down our service. Can you escalate this issue immediately?

Regards, Jordan",urgent
"Dear Team,

Need clarification on feature request. No immediate rush, but would appreciate a response soon.

Need urgent hlp, Taylor",non-urgent
"Hello Support,

Having trouble with account verification. The chatbot couldn't assist. Need a real person to help.

Regards, Taylor",needs human
"Hello Support, 

The server outage has completely taken down our service. Can you escalate this issue immediately?

Need asap, Emily",urgent
"Hello Support,

Having trouble with password reset. The chatbot couldn't assist. Need a real person to help.

Thnx, Pat",needs human
"Hi Team, 

We are experiencing server outage right now and it's impacting all customers. Need urgent attention! Please prioritize this.

Thanks, John",urgent
"Dear Customer Service,

I'm stuck trying to resolve billing discrepancy via the FAQ. Please escalate this to human support.

Thanks a lot, Pat",needs human
"Dear Customer Service,

I'm stuck trying to resolve password reset via the FAQ. Please escalate this to human support.

thanx a lot, Pat",needs human
"Hello Support, 

The database crash has completely taken down our service. Can you escalate this issue immediately?

Regards, Pat",urgent
"Dear Customer Service,

I'm stuck trying to resolve billing discrepancy via the FAQ. Please escalate this to human support.

ASAP a lot, Emily",needs human
"Dear Team,

Need clarification on upgrading to premium plan. No immediate rush, but would appreciate a response soon.

Thanks, Chris",non-urgent
"Hello Support, 

The payment gateway failure has completely taken down our service. Can you escalate this issue immediately?

Regards, Chris",urgent
"Dear Support,

Critical alert on payment gateway failure - major outage reported. Requesting urgent resolution.

Cheers, Taylor",urgent
"Hi Team, 

We are experiencing payment gateway failure right now and it's impacting all customers. Need urgent attention! Please prioritize this.

thanx, Emily",urgent
"Dear Customer Service,

I'm stuck trying to resolve account verification via the FAQ. Please escalate this to human support.

Pls a lot, Taylor",needs human
"Hello Support,

Having trouble with password reset. The chatbot couldn't assist. Need a real person to help.

Regards, Emily",needs human
"Hi there, 

I tried the automated system but it's not solving my problem related to password reset. Please connect me to a live agent.

Need urgent hlp, John",needs human
"Hello, 

I'm considering upgrading to premium plan. When would be a good time to discuss further?

Regards, Chris",non-urgent
"Hello Support, 

The database crash has completely taken down our service. Can you escalate this issue immediately?

Regards, Taylor",urgent
"Dear Team,

Need clarification on subscription renewal. No immediate rush, but would appreciate a response soon.

Thanks, Emily",non-urgent
"Hello Support, 

The payment gateway failure has completely taken down our service. Can you escalate this issue immediately?

Regards, Pat",urgent
"Hello, 

I'm considering subscription renewal. When would be a good time to discuss further?

Regards, Emily",non-urgent
"Hello Support, 

The server outage has completely taken down our service. Can you escalate this issue immediately?

thanx, John",urgent
"Dear Support,

Critical alert on payment gateway failure - major outage reported. Requesting urgent resolution.

Cheers, Alex",urgent
"Hi there, 

I tried the automated system but it's not solving my problem related to billing discrepancy. Please connect me to a live agent.

Thanks, Jordan",needs human
"Hi there, 

I tried the automated system but it's not solving my problem related to billing discrepancy. Please connect me to a live agent.

Thanks, Chris",needs human
"Hi, 

I would like to inquire about feature request. Could you please share the detailed information?

Thanks, Emily",non-urgent
"Dear Support,

Critical alert on server outage - major outage reported. Requesting urgent resolution.

Cheers, Taylor",urgent
"Hi, 

I would like to inquire about upgrading to premium plan. Could you please share the detailed information?

Thanks, Jordan",non-urgent
"Hi there, 

I tried the automated system but it's not solving my problem related to password reset. Please connect me to a live agent.

urgent pls, Alex",needs human
"Dear Support,

Critical alert on server outage - major outage reported. Requesting urgent resolution.

Cheers, John",urgent
"Dear Team,

Need clarification on upgrading to premium plan. No immediate rush, but would appreciate a response soon.

Thanks, Alex",non-urgent
"Hi Team, 

We are experiencing server outage right now and it's impacting all customers. Need urgent attention! Please prioritize this.

Thanks, Jordan",urgent
"Dear Support,

Critical alert on payment gateway failure - major outage reported. Requesting urgent resolution.

Cheers, Jordan",urgent
"Dear Team,

Need clarification on feature request. No immediate rush, but would appreciate a response soon.

Thanks, Pat",non-urgent
"Hi, 

I would like to inquire about feature request. Could you please share the detailed information?

Thanks, Emily",non-urgent
"Dear Team,

Need clarification on upgrading to premium plan. No immediate rush, but would appreciate a response soon.

thanx, Alex",non-urgent
"Hello Support,

Having trouble with password reset. The chatbot couldn't assist. Need a real person to help.

Regards, Taylor",needs human
"Hi there, 

I tried the automated system but it's not solving my problem related to password reset. Please connect me to a live agent.

Thanks, Emily",needs human
"Hello, 

I'm considering subscription renewal. When would be a good time to discuss further?

Regards, Jordan",non-urgent
"Hello Support, 

The database crash has completely taken down our service. Can you escalate this issue immediately?

Need urgent hlp, Chris",urgent
"Hello Support,

Having trouble with billing discrepancy. The chatbot couldn't assist. Need a real person to help.

Regards, Taylor",needs human
